ID,Churn Prediction,Retain Probability,Churn Probability
0129-QMPDR,0,0.9815112698285984,0.018488730171401527
8648-PFRMP,1,0.47335645790707376,0.5266435420929263
8769-KKTPH,0,0.8468478576526318,0.1531521423473678
1306-RPWXZ,0,0.9878247034767256,0.012175296523274235
5119-KEPFY,0,0.5057480502508713,0.4942519497491288
5271-YNWVR,0,0.9399772523493927,0.06002274765060741
0599-XNYDO,0,0.5401628991417503,0.4598371008582496
5989-OMNJE,0,0.8465530907451797,0.15344690925481996
4694-PHWFW,0,0.8402633803052001,0.15973661969479966
3716-UVSPD,0,0.5339254582121525,0.4660745417878475
5792-JALQC,0,0.9463923339621304,0.05360766603786927
5274-XHAKY,0,0.7357544694459971,0.264245530554003
0265-PSUAE,0,0.6308121335146597,0.3691878664853401
7382-DFJTU,0,0.7254414871581035,0.2745585128418965
7595-EUIVN,1,0.4478809149332176,0.5521190850667824
8564-LDKFL,0,0.820639716001943,0.17936028399805656
5566-SOEZD,0,0.8202177157850598,0.17978228421494002
2782-LFZVW,0,0.6964962586962997,0.30350374130369995
4373-MAVJG,1,0.48462760368195495,0.5153723963180451
1038-RQOST,0,0.8709538316725532,0.12904616832744675
0447-RXSGD,0,0.5484548398796942,0.45154516012030577
7255-SSFBC,0,0.8463142416217301,0.15368575837826964
3957-HHLMR,0,0.9249699105929925,0.07503008940700737
7551-JOHTI,0,0.78476069672216,0.21523930327783994
1460-UZPRJ,0,0.9977908213995909,0.00220917860040908
7739-LAXOG,0,0.5826898041274333,0.4173101958725666
6356-ELRKD,1,0.4142064727389114,0.5857935272610885
8276-MQBYC,1,0.4774003494632938,0.5225996505367063
2848-YXSMW,0,0.9964553606502018,0.0035446393497981714
2070-XYMFH,0,0.5305429838849001,0.46945701611509993
3312-UUMZW,0,0.5812720591929869,0.41872794080701303
4195-PNGZS,0,0.9978823119390638,0.0021176880609361844
2001-EWBQU,0,0.8609336013786545,0.13906639862134543
1635-NZATJ,0,0.9830363375335962,0.016963662466403753
3199-XGZCY,1,0.2988923569731701,0.7011076430268293
9962-BFPDU,0,0.8622565664191209,0.13774343358087898
5271-DBYSJ,1,0.4431196538663525,0.5568803461336475
2433-KMEAS,0,0.6969581754541382,0.30304182454586176
3908-BLSYF,1,0.4257070399573449,0.5742929600426551
3717-OFRTN,0,0.7906653460014959,0.20933465399850426
8490-BXHEO,0,0.5312114817818285,0.4687885182181715
6791-YBNAK,0,0.7250439765789001,0.27495602342109987
6959-GQEGV,0,0.7526340970567962,0.2473659029432038
0345-HKJVM,1,0.35901965063879315,0.640980349361207
9986-BONCE,0,0.7902501790298571,0.20974982097014286
8715-KKTFG,0,0.818390044680734,0.18160995531926555
6283-GITPX,0,0.9899964053085157,0.010003594691484242
5016-LIPDW,0,0.9890484045519866,0.010951595448013511
9003-CPATH,0,0.5315637985843571,0.4684362014156428
3473-XIIIT,1,0.4436162190674587,0.5563837809325411
5198-HQAEN,0,0.7051473515261647,0.2948526484738355
2806-MLNTI,0,0.8314851846510549,0.1685148153489447
8404-VLQFB,0,0.826280852377457,0.17371914762254267
8465-SBRXP,0,0.784568746525161,0.21543125347483882
2363-BJLSL,0,0.7717597100875422,0.22824028991245804
4550-EVXNY,1,0.31960351726132663,0.680396482738673
1150-WFARN,0,0.9618169682468191,0.03818303175318053
2424-WVHPL,1,0.40171704917651946,0.5982829508234807
4277-UDIEF,0,0.8619252096702762,0.1380747903297235
2277-AXSDC,0,0.9696389691055698,0.030361030894430395
8619-IJNDK,0,0.980104241486241,0.019895758513758962
6112-KTHFQ,0,0.7557755829188518,0.24422441708114842
2080-GKCWQ,1,0.45012788574060514,0.5498721142593949
7145-FEJWU,1,0.37159977005216943,0.6284002299478304
5240-CAOYT,0,0.7387575690340725,0.2612424309659272
6518-LGAOV,0,0.5435356792675169,0.45646432073248305
5730-RIITO,0,0.7513079980325501,0.24869200196745
8017-LXHFA,1,0.43480736419085636,0.5651926358091436
9506-UXUSK,1,0.3402164362739492,0.6597835637260507
5565-FILXA,1,0.3464427247550095,0.6535572752449903
2402-TAIRZ,0,0.7603082072679289,0.23969179273207084
0877-SDMBN,0,0.8518346488692181,0.14816535113078183
5693-PIPCS,0,0.9134775906732311,0.0865224093267689
9447-YPTBX,0,0.95561286042795,0.04438713957204996
2920-RNCEZ,0,0.5292647065745721,0.47073529342542786
1400-MMYXY,1,0.36850283552585705,0.6314971644741427
7802-EFKNY,0,0.5089146269240298,0.49108537307597017
2673-ZALNP,0,0.9603066202566208,0.039693379743379414
2108-YKQTY,0,0.6912581679891819,0.3087418320108178
3498-LZGQZ,0,0.9927543807256503,0.007245619274349753
8155-IBNHG,0,0.5423115516104429,0.4576884483895571
6728-CZFEI,0,0.8257092273780762,0.17429077262192386
8651-ENBZX,0,0.7240921829705051,0.27590781702949463
2661-GKBTK,0,0.9785610316204388,0.021438968379561118
5934-TSSAU,0,0.6437529434102123,0.35624705658978756
8821-KVZKQ,0,0.9336102801887038,0.06638971981129575
1708-PBBOA,0,0.8788231015127947,0.12117689848720517
2834-SPCJV,0,0.6226039013324352,0.37739609866756474
5701-GUXDC,0,0.9223370107357205,0.07766298926427936
6961-MJKBO,0,0.9951485325470328,0.004851467452967054
3550-SAHFP,1,0.37467102339513225,0.6253289766048676
9947-OTFQU,1,0.3639406431946099,0.6360593568053899
8295-KMENE,0,0.9694472629970063,0.030552737002993626
0608-JDVEC,0,0.96758878339184,0.03241121660815992
8740-CRYFY,1,0.3074004682339316,0.6925995317660686
4704-ERYFC,1,0.4183684679750123,0.5816315320249879
1600-DILPE,0,0.6507428577965733,0.3492571422034264
9929-PLVPA,0,0.8389824723275957,0.161017527672404
2074-GUHPQ,0,0.641829672164206,0.35817032783579394
9221-OTIVJ,1,0.3979656453574351,0.6020343546425648
5419-JPRRN,1,0.3110917634421009,0.688908236557899
0541-FITGH,0,0.7260519690649474,0.27394803093505227
8390-FESFV,0,0.96183516028778,0.0381648397122199
8644-XLFBW,1,0.31433013562295103,0.6856698643770488
5760-WRAHC,0,0.7437408976792588,0.25625910232074117
9638-JIQYA,0,0.5939165356013277,0.4060834643986718
7963-SHNDT,0,0.9663075382981465,0.03369246170185345
1291-CUOCY,0,0.8996991311467414,0.1003008688532583
9755-JHNMN,0,0.9539952345975177,0.046004765402482495
0506-YLVKJ,0,0.9927543807256503,0.007245619274349753
2276-YDAVZ,1,0.415926638581563,0.5840733614184372
8818-DOPVL,0,0.5518227151805682,0.44817728481943186
9135-MGVPY,0,0.9960678656715213,0.003932134328478646
4813-HQMGZ,1,0.32708582491548344,0.6729141750845166
5716-LIBJC,0,0.7344091471039798,0.2655908528960201
9767-FFLEM,0,0.5988488956893742,0.40115110431062573
1036-GUDCL,0,0.8373907919813707,0.1626092080186291
3803-KMQFW,0,0.8622565664191209,0.13774343358087898
3719-TDVQB,0,0.9805750228391544,0.01942497716084559
8277-RVRSV,0,0.972856557935215,0.02714344206478485
9742-XOKTS,0,0.8278131205092927,0.1721868794907073
9200-NLNPD,0,0.843114788786646,0.15688521121335391
3472-OAOOR,0,0.7747112983413251,0.22528870165867446
1587-FKLZB,0,0.6797294737690429,0.3202705262309569
3063-QFSZL,0,0.5390853596120561,0.46091464038794383
0754-UKWQP,1,0.3425216662443104,0.6574783337556898
8727-XDPUD,0,0.9164597958804923,0.0835402041195078
5995-OIGLP,0,0.7716840819325209,0.2283159180674792
5699-BNCAS,0,0.9719574099117623,0.028042590088237836
6380-ARCEH,0,0.7746439665862129,0.22535603341378707
3831-YCPUO,0,0.9691498487023558,0.030850151297643905
7673-LPRNY,0,0.873187288055271,0.1268127119447289
2077-DDHJK,0,0.9873627128130466,0.012637287186953415
3190-XFANI,0,0.8289530299538006,0.17104697004619904
0708-SJDIS,0,0.7669701936485944,0.23302980635140524
2651-ZCBXV,0,0.8917244234464736,0.10827557655352629
5515-IDEJJ,0,0.8709538316725532,0.12904616832744675
1293-BSEUN,0,0.9940196468218173,0.0059803531781827575
7465-ZZRVX,1,0.31001566997785424,0.6899843300221459
2079-FBMZK,1,0.4404012033685794,0.5595987966314204
3638-VBZTA,0,0.982389988478094,0.01761001152190594
4709-LKHYG,0,0.9565749551996774,0.04342504480032235
8963-JLGJT,0,0.7445003681391902,0.25549963186080954
3470-OBUET,0,0.9762684333751427,0.023731566624857314
9251-AWQGT,0,0.9958529846670945,0.004147015332905593
3521-MNKLV,0,0.684311811128308,0.3156881888716919
3572-UOLYZ,0,0.678355147868623,0.32164485213137717
2947-DOMLJ,0,0.7364373792071532,0.2635626207928464
7921-LMDFQ,0,0.8507569694613174,0.14924303053868251
9191-MYQKX,1,0.4308594140492683,0.5691405859507318
9018-PCIOK,0,0.9422711926580852,0.057728807341914594
1470-PSXNM,0,0.7254977940592205,0.2745022059407793
2925-VDZHY,0,0.9914269487989035,0.008573051201096579
3878-AVSOQ,1,0.31083537389275623,0.6891646261072435
1131-QQZEB,0,0.9936658643933022,0.006334135606697869
9227-YBAXE,0,0.9811671213915387,0.01883287860846114
9796-MVYXX,0,0.9285317491357616,0.07146825086423822
4671-VJLCL,0,0.965650886854454,0.034349113145545875
5626-MGTUK,0,0.5531183512754574,0.4468816487245425
0123-CRBRT,0,0.9875427058472309,0.012457294152769059
4163-HFTUK,0,0.9112720768281206,0.08872792317187908
0744-GKNGE,0,0.7780049935664579,0.22199500643354195
1309-XGFSN,0,0.9015666604551642,0.09843333954483588
4351-QLCSU,0,0.6147705981758551,0.3852294018241448
8741-LQOBK,0,0.7962886451057624,0.2037113548942376
0373-AIVNJ,0,0.9073928939632552,0.09260710603674459
3808-HFKDE,0,0.582232698220616,0.4177673017793842
2324-EFHVG,0,0.8365389288344443,0.1634610711655555
8485-GJCDN,1,0.40397508418248296,0.596024915817517
1932-UEDCX,0,0.5257437290053651,0.47425627099463485
8873-GLDMH,1,0.40009882827422955,0.5999011717257703
7636-PEPNS,0,0.8425041072014988,0.15749589279850099
5016-IBERQ,0,0.5644984248999279,0.43550157510007215
5293-WXJAK,1,0.3749649389755082,0.6250350610244917
2237-ZFSMY,0,0.7381856777302227,0.26181432226977724
8229-TNIQA,0,0.597568476703183,0.4024315232968166
5049-MUBWG,0,0.9269048315339432,0.07309516846605657
5960-WPXQM,1,0.3074004682339316,0.6925995317660686
3197-ARFOY,0,0.5551274915889229,0.444872508411077
0909-SELIE,0,0.9958533660400443,0.0041466339599558226
6625-UTXEW,0,0.7246739213936654,0.2753260786063342
4826-TZEVA,0,0.6424108018566013,0.3575891981433986
6599-GZWCM,0,0.7617900090625187,0.2382099909374812
2812-REYAT,0,0.95561286042795,0.04438713957204996
4654-DLAMQ,0,0.8927586628082677,0.107241337191732
8064-RAVOH,0,0.5685280857788247,0.43147191422117503
7674-YTAFD,0,0.7926977431442175,0.2073022568557822
5175-WLYXL,0,0.5726878579305629,0.427312142069437
1478-VPOAD,0,0.5669532801397762,0.43304671986022364
8189-DUKMV,0,0.9368906419716501,0.06310935802834951
8404-GFGCZ,0,0.6591483956615066,0.34085160433849304
3748-FVMZZ,1,0.4673591798819116,0.5326408201180882
9061-TIHDA,1,0.2893860490996272,0.7106139509003726
0042-RLHYP,0,0.998717989847108,0.0012820101528917955
8267-KFGYD,0,0.816104693224959,0.1838953067750406
0595-ITUDF,0,0.7030498912204237,0.2969501087795759
4664-NJCMS,0,0.9477230624003018,0.05227693759969791
6124-ACRHJ,0,0.78476069672216,0.21523930327783994
6696-YDAYZ,0,0.9992567349556865,0.0007432650443135259
2718-GAXQD,0,0.6031246438921686,0.3968753561078314
6509-TSGWN,0,0.9441268072640212,0.05587319273597888
8752-GHJFU,0,0.7786132041891817,0.22138679581081802
8822-KNBHV,0,0.943845793401724,0.056154206598275504
1299-AURJA,0,0.9971439398460406,0.0028560601539594404
6173-GOLSU,0,0.5994343025268686,0.4005656974731315
5804-JMYIO,0,0.9958529846670945,0.004147015332905593
5012-YSPJJ,0,0.8111390073561947,0.18886099264380515
8887-IPQNC,0,0.676784258360883,0.32321574163911676
8780-IHCRN,0,0.9924178941553182,0.007582105844681699
6953-PBDIN,0,0.9861625398128702,0.013837460187130002
9065-ZCPQX,0,0.9939911536909899,0.006008846309010278
3027-YNWZU,0,0.985115097308869,0.014884902691130788
3363-DTIVD,0,0.9182191736081018,0.08178082639189847
0136-IFMYD,0,0.8373568543297119,0.162643145670288
5997-OPVFA,0,0.9885568505695724,0.011443149430427478
3785-KTYSH,0,0.9885531953132299,0.011446804686769894
8878-RYUKI,0,0.6391292178270441,0.36087078217295554
4480-QQRHC,1,0.4288660122590079,0.571133987740992
6857-VWJDT,1,0.38580406751002855,0.6141959324899716
8931-GJJIQ,1,0.2988923569731701,0.7011076430268293
8917-FAEMR,0,0.9911812894603951,0.008818710539604932
6504-VBLFL,0,0.9147581793989442,0.08524182060105552
1725-IQNIY,0,0.9593463118830501,0.04065368811695008
2446-ZKVAF,0,0.828704210385755,0.17129578961424521
1563-IWQEX,0,0.78476069672216,0.21523930327783994
7568-PODML,0,0.5574227557964585,0.4425772442035414
6158-HDPXZ,0,0.6266670027191086,0.3733329972808911
8008-OTEZX,0,0.9775970743518952,0.022402925648104425
4760-XOHVN,0,0.8622565664191209,0.13774343358087898
6732-VAILE,0,0.9857283891724439,0.014271610827556154
1061-PNTHC,0,0.7540385369004295,0.2459614630995703
3642-GKTCT,0,0.8542972755556086,0.14570272444439109
2985-JUUBZ,0,0.7016780023661259,0.29832199763387385
3196-NVXLZ,0,0.517025406381918,0.4829745936180821
8496-EJAUI,0,0.6111433539445973,0.38885664605540277
3441-CGZJH,0,0.9129235823233067,0.08707641767669311
2558-BUOZZ,0,0.7974880670107976,0.20251193298920253
8203-XJZRC,0,0.7746439665862129,0.22535603341378707
1897-RCFUM,0,0.975929635182365,0.024070364817634946
1853-UDXBW,1,0.35682377680032695,0.6431762231996729
0406-BPDVR,0,0.8335389101821795,0.16646108981781998
1455-HFBXA,0,0.9483996373556147,0.051600362644385125
4138-NAXED,0,0.6956316818156849,0.30436831818431515
2272-QAGFO,1,0.2883728592634352,0.7116271407365643
4908-XAXAY,0,0.9108323706714749,0.08916762932852507
7598-UAASY,1,0.46975744148389614,0.530242558516104
4603-JANFB,1,0.31001566997785424,0.6899843300221459
2853-CWQFQ,0,0.6179556967483961,0.3820443032516036
8966-KZXXA,0,0.9941604521828489,0.005839547817151124
5366-IJEQJ,1,0.38888298525922727,0.6111170147407727
2460-FPSYH,0,0.7588329903425258,0.24116700965747417
8457-XIGKN,0,0.8363761013353417,0.1636238986646584
6094-ZIVKX,0,0.8864733971064734,0.11352660289352662
9691-HKOVS,0,0.9525570984518956,0.04744290154810411
5458-CQJTA,0,0.9742757037905971,0.02572429620940263
2604-XVDAM,0,0.6778904414718708,0.322109558528129
9087-EYCPR,0,0.9857202658233903,0.01427973417660965
3506-OVLKD,0,0.9636393366621567,0.03636066333784309
4378-BZYFP,0,0.9408084114735555,0.05919158852644468
1627-AFWVJ,0,0.9911812894603951,0.008818710539604932
5777-KJIRB,0,0.8097004653157923,0.19029953468420807
9819-FBNSV,0,0.5347548224157813,0.4652451775842186
1670-SVOWZ,0,0.555004470549181,0.44499552945081894
2320-YKQBO,0,0.78476069672216,0.21523930327783994
9154-QDGTH,0,0.8518303007544804,0.14816969924551918
3530-CRZSB,0,0.78476069672216,0.21523930327783994
4892-VLANZ,0,0.7746439665862129,0.22535603341378707
6416-JNVRK,0,0.9045741259777158,0.09542587402228422
4111-BNXIF,0,0.8807405444376092,0.11925945556239044
8331-ZXFOE,0,0.9588393074763398,0.041160692523659996
9501-UKKNL,0,0.6161738314722635,0.3838261685277365
0461-CVKMU,0,0.5967189459544587,0.4032810540455412
3191-CSNMG,1,0.35834228830385423,0.6416577116961458
0719-SYFRB,0,0.7506144064952267,0.2493855935047734
9184-GALIL,0,0.9297831264034948,0.07021687359650515
4628-WQCQQ,0,0.7274682858258806,0.27253171417411926
2995-UPRYS,0,0.8605567853966573,0.13944321460334258
9547-ITEFG,1,0.49912620441575456,0.5008737955842455
9473-CBZOP,0,0.9250314420438959,0.07496855795610434
6121-TNHBO,0,0.9126672179756135,0.08733278202438617
1271-SJBGZ,1,0.4736023631774543,0.5263976368225457
4529-CKBCL,1,0.30394991030055424,0.6960500896994458
4250-ZBWLV,0,0.7305155060547776,0.2694844939452221
3538-WZPHD,0,0.5519422137685288,0.4480577862314711
0487-CRLZF,0,0.9261907248250499,0.07380927517495
6253-GNHWH,0,0.9904961914398162,0.009503808560183707
8152-VETUR,0,0.9217006616965996,0.07829933830340023
6770-XUAGN,0,0.7809958814417355,0.21900411855826388
8690-ZVLCL,0,0.980935442733141,0.01906455726685894
8605-ITULD,0,0.78476069672216,0.21523930327783994
7190-XHTWJ,0,0.9825189630191598,0.017481036980840227
2924-KHUVI,0,0.7304722024760772,0.2695277975239225
4029-HPFVY,1,0.4403785702353623,0.5596214297646377
7471-MQPOS,0,0.9258586248060544,0.07414137519394545
5553-AOINX,0,0.7514807180622844,0.2485192819377153
3951-NJCVI,0,0.5471364944768762,0.4528635055231238
9541-ZPSEA,0,0.9637641816270562,0.03623581837294363
5609-CEBID,1,0.41955673241152325,0.5804432675884768
9348-YVOMK,0,0.6166454459708877,0.38335455402911206
8133-ANHHJ,0,0.8864512152591512,0.11354878474084856
5985-BEHZK,0,0.8191580551808461,0.18084194481915336
9415-TPKRV,0,0.7730941558141582,0.22690584418584173
3961-SXAXY,0,0.608482625458851,0.3915173745411488
1915-OAKWD,0,0.9251780905962651,0.07482190940373507
8885-QSQBX,0,0.6941659545177465,0.3058340454822531
5760-FXFVO,1,0.4799676787793573,0.5200323212206428
7446-SFAOA,0,0.95561286042795,0.04438713957204996
8559-WNQZS,0,0.9843834240235245,0.015616575976475575
8806-EAGWC,0,0.6470470154304614,0.3529529845695385
1582-RAFML,0,0.7474867749971917,0.25251322500280793
3389-YGYAI,1,0.3265601334687742,0.6734398665312256
9576-SYUHJ,1,0.4419381064367542,0.5580618935632459
3658-QQJYD,0,0.9148559323949356,0.08514406760506436
7562-GSUHK,0,0.6180226093464627,0.38197739065353753
8755-IWJHN,0,0.6296518616681237,0.3703481383318762
0020-JDNXP,0,0.9095754444270089,0.09042455557299114
6257-DTAYD,0,0.9025481573163532,0.09745184268364655
8444-WRIDW,0,0.6887142100888153,0.3112857899111846
5192-EBGOV,1,0.27907423798277226,0.7209257620172275
4701-LKOZD,0,0.9681650538702457,0.03183494612975436
8735-IJJEG,0,0.7871792908826302,0.21282070911736997
2108-XWMPY,0,0.6617815174580599,0.3382184825419396
7566-DSRLQ,0,0.8313048828647409,0.1686951171352588
0562-HKHML,0,0.9924178941553182,0.007582105844681699
3720-DBRWL,0,0.9928438912854444,0.007156108714555527
1895-QTKDO,0,0.6308121752332693,0.36918782476673045
4833-QTJNO,0,0.741813577235202,0.258186422764798
2672-TGEFF,1,0.4792745091647839,0.5207254908352161
6345-FZOQH,0,0.9977908213995909,0.00220917860040908
5146-CBVOE,0,0.5141235657889976,0.4858764342110023
3733-ZEECP,0,0.6464219468313075,0.3535780531686921
9967-ATRFS,0,0.78476069672216,0.21523930327783994
3640-PHQXK,1,0.40968472125146144,0.5903152787485386
4683-WYDOU,0,0.8315037008832407,0.16849629911675928
2585-KTFRE,0,0.7413122963520279,0.25868770364797244
8582-KRHPJ,0,0.7632897602304481,0.23671023976955158
6905-NIQIN,0,0.7147663445874446,0.28523365541255513
6771-XWBDM,0,0.6794616756167833,0.32053832438321683
7534-BFESC,1,0.3448789048356412,0.6551210951643587
3946-MHCZW,0,0.6656228648509129,0.33437713514908685
8174-TBVCF,0,0.9849479190836635,0.015052080916336525
2469-DTSGX,0,0.8478868536819071,0.1521131463180931
3795-CAWEX,0,0.9669270126086118,0.033072987391387684
8364-TRMMK,0,0.6420266982998393,0.35797330170016023
8903-WMRNW,0,0.5272635898728941,0.4727364101271058
5774-QPLTF,0,0.9745917269760109,0.025408273023989025
6890-PFRQX,0,0.8036511908334273,0.1963488091665725
7908-QCBCA,1,0.4324498119285313,0.5675501880714687
7619-PLRLP,0,0.9634735108103062,0.036526489189693666
7126-RBHSD,1,0.4623442446843719,0.537655755315628
3669-WHAFY,0,0.9643702151754198,0.035629784824579895
3570-YUEKJ,0,0.7387984772212893,0.2612015227787109
3283-WCWXT,0,0.9938206588225326,0.00617934117746735
9940-HPQPG,0,0.5832356021994132,0.4167643978005869
2082-OJVTK,1,0.43831809454123594,0.5616819054587642
3552-CTCYF,0,0.8463142416217301,0.15368575837826964
2294-SALNE,0,0.7875679003231589,0.21243209967684087
1964-SVLEA,0,0.9408084114735555,0.05919158852644468
8388-DMKAE,0,0.9767136163579382,0.023286383642061773
4291-HPAXL,0,0.8538995182082586,0.14610048179174112
6114-TCFID,0,0.9272852689600996,0.07271473103990055
7544-ZVIKX,0,0.8171404213771208,0.1828595786228785
8775-ERLNB,1,0.39225059788713673,0.6077494021128635
5296-BFCYD,0,0.9927543807256503,0.007245619274349753
1761-AEZZR,1,0.3074004682339316,0.6925995317660686
3943-KDREE,0,0.5266698544830494,0.47333014551695063
0616-ATFGB,0,0.5089570278237585,0.4910429721762416
1251-STYSZ,1,0.4229725462067356,0.5770274537932645
8224-UAXBZ,0,0.847257261078499,0.15274273892150084
0637-YLETY,0,0.5894930072122527,0.41050699278774744
2302-OUZXB,0,0.9861625398128702,0.013837460187130002
7410-KTVFV,0,0.7715317476448155,0.2284682523551843
0781-LKXBR,1,0.2941465608121087,0.7058534391878913
1163-VIPRI,0,0.9188349344730683,0.08116506552693163
1360-JYXKQ,0,0.777702935736794,0.22229706426320583
5138-WVKYJ,1,0.44721777271503166,0.5527822272849684
9972-NKTFD,0,0.8061088146070939,0.19389118539290576
5351-QESIO,0,0.6539242564721636,0.3460757435278361
6968-GMKPR,0,0.6230848944588656,0.37691510554113455
7621-VPNET,0,0.5916508456022709,0.40834915439772884
6202-JVYEU,0,0.9053301692006863,0.0946698307993139
7495-OOKFY,1,0.417582945485272,0.582417054514728
0524-IAVZO,1,0.39691259333025014,0.6030874066697499
6876-ADESB,0,0.6143578455601891,0.38564215443981076
9848-JQJTX,0,0.8365389288344443,0.1634610711655555
0654-HMSHN,0,0.5135046673875256,0.4864953326124744
7850-VWJUU,0,0.596492412608899,0.40350758739110143
6892-BOGQE,0,0.9877602371429426,0.012239762857057501
6718-BDGHG,0,0.8588903519405495,0.14110964805944998
3863-IUBJR,0,0.8915373391992243,0.10846266080077573
5724-BIDBU,0,0.8243259540907022,0.17567404590929747
9881-VCZEP,0,0.765170631625788,0.23482936837421164
1100-DDVRV,0,0.730384772404504,0.26961522759549583
1265-ZFOSD,0,0.9902106237515446,0.009789376248455533
7638-QVMVY,1,0.32026115517906745,0.6797388448209325
0621-CXBKL,0,0.9911812894603951,0.008818710539604932
7351-KYHQH,0,0.7091428041778873,0.29085719582211317
9589-ABEPT,0,0.867873612397306,0.13212638760269368
3486-HOOGQ,0,0.9835960882824192,0.016403911717580693
6458-CYIDZ,0,0.5173218917813882,0.4826781082186117
3413-DHLPB,0,0.6530500254609741,0.3469499745390259
7459-IMVYU,0,0.8173583333274036,0.1826416666725961
0356-ERHVT,0,0.7329305366638863,0.2670694633361135
5022-KVDQT,1,0.41212736782738757,0.5878726321726124
4537-CIBHB,0,0.9582364966842613,0.04176350331573854
2292-XQWSV,0,0.8976663009995433,0.10233369900045658
8225-BTJAU,1,0.3318394238143213,0.6681605761856784
5338-YHWYT,0,0.9526222723848907,0.04737772761510928
1614-JBEBI,0,0.7557755829188518,0.24422441708114842
8042-RNLKO,0,0.9580740918797106,0.041925908120289346
7013-PSXHK,0,0.8178374831497034,0.18216251685029664
1333-PBMXB,0,0.9732173897920517,0.02678261020794813
8402-EIVQS,0,0.8138653585309994,0.1861346414690007
5956-VKDTT,1,0.3152839695897533,0.6847160304102468
5035-PGZXH,0,0.7612091169350471,0.23879088306495305
4614-NUVZD,1,0.30486847779637205,0.6951315222036277
7740-BTPUX,0,0.8373568543297119,0.162643145670288
9055-MOJJJ,0,0.9049777076540084,0.0950222923459913
5143-EGQFK,1,0.43167545016320547,0.5683245498367948
2809-ILCYT,0,0.9788878974258931,0.02111210257410702
3339-EAQNV,0,0.8265518449478786,0.17344815505212105
4695-VADHF,0,0.6851284744952661,0.3148715255047335
5981-ZVXOT,0,0.7837892334924983,0.21621076650750115
0772-GYEQQ,1,0.45589680234635394,0.5441031976536462
4501-VCPFK,0,0.5811197902856428,0.41888020971435724
0121-SNYRK,0,0.875535247594663,0.12446475240533719
4631-OACRM,1,0.3318394238143213,0.6681605761856784
1396-QWFBJ,0,0.5988566814519646,0.40114331854803537
2296-DKZFP,0,0.9859366060860093,0.014063393913990694
0112-QWPNC,0,0.9121096533156948,0.08789034668430476
5201-CBWYG,0,0.963779556897146,0.036220443102854
5167-ZFFMM,1,0.49063076770273123,0.5093692322972688
5131-PONJI,0,0.7323685239878626,0.26763147601213727
6549-NNDYT,0,0.6816777494294862,0.31832225057051355
9574-BOSMD,0,0.9978823119390638,0.0021176880609361844
2937-FTHUR,0,0.7437373145079219,0.2562626854920779
1228-FZFRV,0,0.7726525848858907,0.22734741511410878
7753-USQYQ,0,0.8411182531368664,0.15888174686313355
8149-RSOUN,1,0.286228093634616,0.7137719063653836
8070-AAWZP,0,0.6608873308008654,0.33911266919913446
9846-GKXAS,1,0.40657762708746603,0.593422372912534
7872-RDDLZ,0,0.7492080542789651,0.2507919457210349
2361-UPSND,0,0.9257472355151408,0.07425276448485918
2904-GGUAZ,0,0.9521716831019031,0.04782831689809669
6818-DJXAA,1,0.36429473901680537,0.6357052609831944
4360-QRAVE,0,0.6183557566896014,0.38164424331039826
2097-YVPKN,0,0.9892572882567715,0.010742711743228463
6745-JEFZB,0,0.5394953154356024,0.46050468456439764
2215-ZAFGX,1,0.29662416550019177,0.7033758344998081
6508-NJYRO,0,0.9593743879220381,0.040625612077961906
2577-GVSIL,0,0.8495247472944791,0.15047525270552045
2139-FQHLM,0,0.5912374932106368,0.408762506789363
8631-NBHFZ,0,0.9722173972844737,0.027782602715526142
2931-VUVJN,0,0.8068542534905285,0.1931457465094711
8065-BVEPF,0,0.6370623301149962,0.36293766988500387
7594-RQHXR,1,0.31960351726132663,0.680396482738673
6257-RJOHI,0,0.6056524643295208,0.3943475356704791
8267-ZNYVZ,0,0.6978218936254238,0.30217810637457637
5702-SKUOB,0,0.8367615780553215,0.16323842194467822
5181-OABFK,0,0.9630959028093115,0.03690409719068843
5712-AHQNN,0,0.5843433251435172,0.415656674856483
1436-ZMJAN,0,0.7460708834661967,0.2539291165338035
4393-OBCRR,0,0.9603066202566208,0.039693379743379414
1200-TUZHR,1,0.3589874058476753,0.6410125941523246
6689-TCZHQ,1,0.3784214951466055,0.6215785048533946
4900-MSOMT,0,0.9835960882824192,0.016403911717580693
6476-EPYZR,0,0.8709538316725532,0.12904616832744675
1345-ZUKID,0,0.9554378146525738,0.044562185347426245
2511-MORQY,0,0.930693943928675,0.0693060560713246
1448-PWKYE,1,0.45062118179775384,0.5493788182022462
4190-MFLUW,0,0.7823562023706805,0.21764379762931982
4203-QGNZA,0,0.9390492819849515,0.060950718015048394
8387-MOJJT,0,0.602761174202893,0.39723882579710706
4623-ZKHLY,0,0.9180563770545301,0.08194362294546968
2955-BJZHG,1,0.4739758331975198,0.5260241668024802
0254-WWRKD,0,0.9023297206535377,0.09767027934646234
6574-MCOEH,0,0.8660538461500396,0.13394615384995986
8319-QBEHW,0,0.8103883234295819,0.1896116765704182
4851-BQDNX,0,0.7121307471709245,0.28786925282907544
6650-VJONK,0,0.608482625458851,0.3915173745411488
7710-JSYOA,0,0.9127827007821101,0.08721729921788964
6034-YMTOB,1,0.4193450165309247,0.5806549834690752
4335-BSMJS,0,0.9679597084957979,0.03204029150420193
9142-KZXOP,0,0.6133517411055442,0.3866482588944555
7473-ZBDSN,0,0.997255835160127,0.002744164839873103
7892-POOKP,1,0.39859967085080167,0.6014003291491984
1550-EENBN,0,0.5422844743628602,0.4577155256371398
0392-BZIUW,0,0.9579489508845903,0.0420510491154094
9102-OXKFY,0,0.9348576369851367,0.06514236301486313
5893-KCLGT,0,0.9945268103817191,0.005473189618280864
8058-INTPH,1,0.30394991030055424,0.6960500896994458
2921-XWDJH,1,0.495694646901757,0.504305353098243
0820-FNRNX,0,0.8339169477026793,0.16608305229732093
9600-NAXZN,0,0.5303852547150649,0.469614745284935
9650-VBUOG,0,0.9941604521828489,0.005839547817151124
0533-UCAAU,0,0.9263744245078357,0.07362557549216416
7599-NTMDP,0,0.9775318309870237,0.022468169012976526
5186-PEIZU,0,0.9102296545383701,0.0897703454616299
6575-SUVOI,0,0.7904627485429025,0.20953725145709717
9873-MNDKV,0,0.6628418611221659,0.3371581388778337
0749-IRGQE,1,0.4972694575860322,0.5027305424139678
7233-PAHHL,0,0.9763873547554844,0.02361264524451529
6050-FFXES,0,0.9056996976260457,0.09430030237395413
7823-JSOAG,1,0.373847625022644,0.6261523749773562
6851-WEFYX,1,0.3686504653954545,0.6313495346045456
8621-MNIHH,1,0.4506156488734283,0.5493843511265717
4232-JGKIY,0,0.7704196019070388,0.229580398092961
6080-TCMYC,1,0.43831809454123594,0.5616819054587642
5982-PSMKW,0,0.9805323043319611,0.019467695668038798
7206-GZCDC,1,0.31083537389275623,0.6891646261072435
1391-UBDAR,1,0.45288988831897575,0.5471101116810242
7880-XSOJX,0,0.7013006369567562,0.29869936304324307
8413-VONUO,1,0.44398810696497754,0.5560118930350223
3800-LYTRK,0,0.9156405862223123,0.08435941377768763
7596-ZYWBB,0,0.969389070739446,0.030610929260553883
4274-DRSQT,0,0.8141837819933415,0.18581621800665846
9544-PYPSJ,0,0.7276682594040058,0.27233174059599374
1265-XTECC,0,0.8665760604770996,0.1334239395228998
5514-YQENT,0,0.9071584966996626,0.09284150330033752
1376-HHBDV,0,0.7942084910002272,0.20579150899977278
9927-DSWDF,0,0.5278659162386957,0.4721340837613044
7529-ZDFXI,0,0.6035773935068671,0.396422606493133
4393-GEADV,0,0.9719698174512266,0.02803018254877322
3655-SNQYZ,0,0.972681010886252,0.02731898911374777
4815-YOSUK,0,0.9169709038746641,0.08302909612533567
4389-UEFCZ,0,0.8879623926953555,0.11203760730464446
8645-KOMJQ,0,0.9672592269090369,0.032740773090962835
7614-QVWQL,0,0.8612942734400096,0.13870572655999003
8777-MBMTS,0,0.9476729279753784,0.05232707202462174
0067-DKWBL,0,0.6143387756787108,0.38566122432128913
9548-LERKT,0,0.9977908213995909,0.00220917860040908
0744-BIKKF,0,0.9896460026377127,0.010353997362287504
3623-FQBOX,0,0.9021688747842661,0.09783112521573406
1862-QRWPE,0,0.998717989847108,0.0012820101528917955
5606-AMZBO,1,0.4557189089141281,0.544281091085872
7285-KLOTR,0,0.8922188712961188,0.10778112870388105
6635-MYYYZ,0,0.9252993686986418,0.07470063130135808
9408-HRXRK,0,0.6608632765554571,0.33913672344454293
7975-JMZNT,0,0.9927636090836193,0.00723639091638085
3173-WSSUE,0,0.9987288933190832,0.0012711066809166652
4636-OLWOE,0,0.8579456849731095,0.1420543150268907
1635-FJFCC,0,0.6084713678973003,0.39152863210269956
5081-NWSUP,0,0.8949669480084457,0.1050330519915545
9778-OGKQZ,0,0.9918270963384852,0.008172903661514632
0354-WYROK,1,0.44670091643249654,0.5532990835675036
0970-QXPXW,0,0.78476069672216,0.21523930327783994
3084-DOWLE,0,0.9870546338398613,0.012945366160138704
7826-VVKWT,0,0.7336286795254439,0.26637132047455614
7898-PDWQE,0,0.9962170514653258,0.0037829485346742597
0311-UNPFF,0,0.5233772636564604,0.4766227363435396
5453-AXEPF,1,0.44386359437306233,0.5561364056269376
7945-PRBVF,0,0.9951485325470328,0.004851467452967054
5774-XZTQC,0,0.8622565664191209,0.13774343358087898
4291-SHSBH,1,0.3402164362739492,0.6597835637260507
0727-BMPLR,0,0.7240921829705051,0.27590781702949463
8685-WHQPW,1,0.48441193679811406,0.515588063201886
8138-EALND,0,0.7746439665862129,0.22535603341378707
9167-APMXZ,0,0.5069665305751407,0.49303346942485926
8695-ARGXZ,1,0.37203526216093286,0.6279647378390674
5642-MHDQT,0,0.9625853469592108,0.03741465304078887
5126-RCXYW,0,0.9659684567224889,0.03403154327751102
5312-TSZVC,0,0.9497085800723881,0.0502914199276119
4322-RCYMT,0,0.9319045241577614,0.06809547584223848
8272-ONJLV,0,0.7006524733261342,0.29934752667386555
6917-IAYHD,0,0.6768859365882429,0.32311406341175647
9411-TPQQV,0,0.9031890632206161,0.09681093677938403
6357-JJPQT,1,0.30394991030055424,0.6960500896994458
9953-ZMKSM,0,0.9892572882567715,0.010742711743228463
1346-PJWTK,0,0.76356096723501,0.2364390327649899
4452-QIIEB,0,0.6437684257233002,0.3562315742766997
6038-GCYEC,0,0.6643756671947059,0.33562433280529436
4332-MUOEZ,0,0.8195787063104133,0.18042129368958626
6996-KNSML,1,0.348617333293914,0.6513826667060859
6828-HMKWP,0,0.9954105811095326,0.004589418890467373
3606-TWKGI,1,0.32545776981961644,0.6745422301803835
4254-QPEDE,0,0.9604610564670039,0.039538943532996036
2300-RQGOI,0,0.9911812894603951,0.008818710539604932
9840-EFJQB,1,0.4478809149332176,0.5521190850667824
0612-RTZZA,1,0.4718405517824489,0.5281594482175511
3847-BAERP,0,0.7557755829188518,0.24422441708114842
9152-AMKAK,0,0.9644384803931326,0.035561519606867396
5002-GCQFH,0,0.6984981774643869,0.301501822535613
1429-UYJSV,0,0.9603066202566208,0.039693379743379414
8218-FFJDS,0,0.9769480801988134,0.023051919801186545
9138-EFSMO,0,0.7895175104578349,0.2104824895421649
0195-IESCP,1,0.3251106522733684,0.6748893477266317
6784-XYJAE,0,0.902580730687374,0.09741926931262579
8080-POTJR,0,0.8733830238139446,0.12661697618605527
4632-PAOYU,0,0.9890484045519866,0.010951595448013511
6786-OBWQR,1,0.38161915226734744,0.6183808477326523
8148-WOCMK,0,0.9987208886005123,0.0012791113994876124
9294-TDIPC,0,0.8538995182082586,0.14610048179174112
5857-TYBCJ,1,0.4919203930656446,0.5080796069343554
2789-HQBOU,1,0.31001566997785424,0.6899843300221459
2542-HYGIQ,0,0.8386093212342175,0.1613906787657824
5027-QPKTE,1,0.3588314197253075,0.6411685802746925
2123-VSCOT,0,0.9416708822890324,0.05832911771096741
5641-DMBFJ,0,0.931979590964349,0.06802040903565093
6950-TWMYB,0,0.9204189671727669,0.07958103282723293
3935-TBRZZ,0,0.9899564196218242,0.010043580378175668
4632-XJMEX,0,0.9289960650958623,0.0710039349041376
0530-IJVDB,0,0.889924791541358,0.11007520845864222
5668-MEISB,0,0.972681010886252,0.02731898911374777
8946-BFWSG,0,0.9978762143780883,0.002123785621911794
7746-QYVCO,0,0.9412585833457832,0.058741416654216706
4770-UEZOX,1,0.3794035296043558,0.6205964703956441
4137-BTIKL,0,0.5551700128621843,0.4448299871378159
4367-NHWMM,0,0.568703658549936,0.4312963414500639
7562-UXTPG,1,0.4404012033685794,0.5595987966314204
5445-PZWGX,0,0.8438295446384282,0.15617045536157156
9762-YAQAA,0,0.7911747468282557,0.20882525317174383
8612-GXIDD,0,0.9888785592346533,0.011121440765346782
5915-DGNVC,0,0.9386264810737731,0.061373518926226736
6485-QXWWE,0,0.9841822086037036,0.01581779139629621
2839-RFSQE,0,0.78476069672216,0.21523930327783994
7861-UVUFT,1,0.34540619377973564,0.6545938062202643
5676-CFLYY,0,0.9825324663655316,0.017467533634468294
1534-OULXE,0,0.8995150431670054,0.10048495683299428
2716-GFZOR,0,0.7234223258941777,0.2765776741058223
7718-UPSKJ,0,0.824162992804386,0.17583700719561382
4377-VDHYI,0,0.7210492103957271,0.2789507896042725
4091-TVOCN,0,0.8798487030738574,0.12015129692614263
8992-VONJD,0,0.7580731989473364,0.24192680105266365
4250-FDVOU,0,0.7133231955802741,0.28667680441972565
9158-VCTQB,0,0.7338095137517681,0.2661904862482317
2805-EDJPQ,0,0.909168837245073,0.09083116275492661
9128-CPXKI,0,0.8361226860066538,0.16387731399334587
1428-IEDPR,0,0.8526328409323672,0.1473671590676327
8039-EQPIM,0,0.9738291049364131,0.02617089506358676
1241-FPMOF,0,0.9986252521237526,0.0013747478762474786
3557-HTYWR,0,0.9653438467389084,0.03465615326109156
8132-YPVBX,0,0.5113724235543147,0.48862757644568544
7785-RDVIG,0,0.8622565664191209,0.13774343358087898
9298-WGMRW,0,0.9379443408476539,0.062055659152345906
4760-THGOT,0,0.7162686817613881,0.28373131823861175
4140-MUHUG,1,0.34165161334269745,0.6583483866573026
9388-ZEYVT,0,0.8266690966261262,0.1733309033738736
7251-LJBQN,0,0.8413649144525883,0.1586350855474114
8242-JSVBO,0,0.608482625458851,0.3915173745411488
5146-YYFRZ,0,0.9951485325470328,0.004851467452967054
7554-AKDQF,0,0.6894134298999005,0.31058657010009905
6777-TGHTM,0,0.860504045428163,0.13949595457183667
2391-SOORI,0,0.7035274386993892,0.2964725613006105
0354-VXMJC,0,0.9985843331940515,0.001415666805948519
2826-UWHIS,0,0.6288376123073633,0.37116238769263654
5197-LQXXH,0,0.9692105321834923,0.03078946781650783
9504-YAZWB,0,0.9911812894603951,0.008818710539604932
2506-CLAKW,0,0.5503684408252089,0.44963155917479125
2606-PKWJB,0,0.9223841517749065,0.07761584822509324
0434-CSFON,0,0.5435356792675169,0.45646432073248305
9172-ANCRX,1,0.36189031054657084,0.638109689453429
3956-MGXOG,1,0.39281267594652036,0.6071873240534797
9912-OMZDS,0,0.7608610273202681,0.23913897267973191
2514-GINMM,1,0.3074004682339316,0.6925995317660686
3096-YXENJ,0,0.8694719067667407,0.1305280932332592
5018-GWURO,0,0.6179619205282729,0.3820380794717269
9318-NKNFC,0,0.7487344665686473,0.25126553343135305
0125-LZQXK,1,0.43167703285417613,0.5683229671458239
0742-NXBGR,1,0.4055084969101989,0.5944915030898009
5893-PYOLZ,0,0.9735820822356379,0.026417917764362107
9036-CSKBW,0,0.8460350187274696,0.15396498127253003
6252-DFGTK,0,0.9303871534604231,0.06961284653957665
9769-TSBZE,0,0.9650441135578883,0.03495588644211179
2523-EWWZL,1,0.4655564319965391,0.5344435680034608
8034-RYTVV,0,0.8964079338909989,0.10359206610900044
6963-EZQEE,0,0.9692012389077496,0.030798761092250118
1697-NVVGY,0,0.752334929590024,0.24766507040997568
8327-WKMIE,0,0.9698485768234367,0.030151423176563212
7969-FFOWG,0,0.9987705511293206,0.0012294488706793504
9688-YGXVR,0,0.7098512828630096,0.29014871713699036
7503-QQRVF,1,0.4601218503980975,0.5398781496019025
2682-KEVRP,0,0.9789928573688083,0.021007142631191994
7014-ZZXAW,0,0.9657319529906051,0.03426804700939472
1237-WIYYZ,0,0.7557755829188518,0.24422441708114842
9851-QXEEQ,0,0.526010359252344,0.47398964074765615
3208-YPIOE,1,0.47518317629517653,0.5248168237048234
7445-WMRBW,0,0.8764705642511212,0.12352943574887842
6967-PEJLL,0,0.8151633504580371,0.1848366495419627
3765-JXVKY,1,0.3724938172220746,0.6275061827779254
0426-TIRNE,0,0.78476069672216,0.21523930327783994
8823-RLPWL,0,0.9643702151754198,0.035629784824579895
5453-YBTWV,0,0.9693882708740468,0.030611729125953023
0022-TCJCI,0,0.9021388196264175,0.0978611803735828
3259-QMXUN,0,0.9508500073245746,0.04914999267542525
6227-HWPWX,1,0.47294890251763877,0.5270510974823612
5909-ECHUI,0,0.5390853596120561,0.46091464038794383
3489-VSFRD,0,0.8864733971064734,0.11352660289352662
7037-MTYVW,0,0.9594758538413874,0.040524146158612356
8905-IAZPF,0,0.8546557483233947,0.1453442516766054
3474-BAFSJ,0,0.9606873891562312,0.039312610843768594
0407-BDJKB,0,0.5371621383527299,0.4628378616472702
1402-PTHGN,0,0.9297445761663338,0.07025542383366616
6227-FBDXH,0,0.8070099719565055,0.1929900280434939
0222-CNVPT,0,0.7395493905120142,0.26045060948798576
0956-SYCWG,0,0.9321366918048963,0.06786330819510372
7379-POKDZ,1,0.3443290409577782,0.655670959042222
2587-YNLES,0,0.997255835160127,0.002744164839873103
5480-HPRRX,1,0.4718405517824489,0.5281594482175511
9565-DJPIB,0,0.5046897522364281,0.495310247763572
5299-RULOA,1,0.44547269050377447,0.5545273094962255
0575-CUQOV,0,0.748512670145261,0.2514873298547391
2239-JALAW,0,0.8189986965649062,0.18100130343509352
3643-AHCFP,1,0.3523737338142457,0.6476262661857539
9392-XBGTD,0,0.9995431006653633,0.00045689933463656095
6519-CFDBX,0,0.5390853596120561,0.46091464038794383
3518-FSTWG,0,0.9342619776681522,0.06573802233184765
4619-EVPHY,0,0.7459264222505868,0.25407357774941275
4713-ZBURT,0,0.8842267284823622,0.11577327151763774
7218-HKQFK,1,0.3274043644017468,0.6725956355982534
7321-PKUYW,1,0.3477505110410503,0.6522494889589496
8495-PRWFH,0,0.6822220294156405,0.31777797058435925
7683-CBDKJ,0,0.7947917304730275,0.20520826952697274
9681-KYGYB,0,0.6866203639154486,0.31337963608455127
5930-GBIWP,0,0.9954442696039862,0.004555730396013638
6980-IMXXE,0,0.998717989847108,0.0012820101528917955
3489-HHPFY,1,0.3068633229698197,0.6931366770301802
4817-QRJSX,1,0.4639563491289309,0.5360436508710691
0396-YCHWO,1,0.3824993528091168,0.6175006471908833
8361-LBRDI,0,0.97632424092924,0.02367575907075976
0481-SUMCB,0,0.8446686852652256,0.15533131473477416
6326-MTTXK,1,0.4123399176692816,0.5876600823307183
6849-WLEYG,0,0.8538995182082586,0.14610048179174112
7964-YESJC,0,0.880023626427883,0.11997637357211685
3567-PQTSO,0,0.7254977940592205,0.2745022059407793
4311-QTTAI,0,0.9462966581835982,0.05370334181640193
9708-HPXWZ,0,0.6134452387736085,0.3865547612263914
3740-RLMVT,0,0.9308063711411829,0.069193628858817
7169-YWAMK,0,0.9886218098958289,0.011378190104171208
1468-DEFNC,0,0.9887484925420865,0.011251507457913474
9419-IPPBE,0,0.7498740367996574,0.2501259632003425
0691-JVSYA,0,0.8547876194730025,0.1452123805269972
3445-HXXGF,0,0.6870470604311452,0.3129529395688548
7905-NJMXS,0,0.7397574288650685,0.26024257113493143
3845-JHAMY,0,0.6948473899691114,0.30515261003088817
2856-NNASM,0,0.6057466944565018,0.39425330554349824
1496-GGSUK,0,0.5337971982877715,0.46620280171222844
1096-ADRUX,0,0.8707763038229497,0.12922369617705
9648-BCHKM,0,0.9753012959826282,0.024698704017371526
4785-QRJHC,0,0.8730579964228159,0.12694200357718358
1730-ZMAME,1,0.38725930833134925,0.6127406916686509
0975-UYDTX,0,0.9210676307528446,0.07893236924715522
8966-OIQHG,0,0.9638336593709387,0.036166340629060885
7538-GWHML,1,0.3517619340079867,0.6482380659920132
5380-XPJNZ,0,0.9825189630191598,0.017481036980840227
9891-NQDBD,0,0.9820218514120903,0.01797814858790965
1373-ORVIZ,0,0.646131708957616,0.3538682910423839
7706-DZNKK,0,0.8363761013353417,0.1636238986646584
4922-CVPDX,0,0.9581711959897578,0.04182880401024249
2333-KWEWW,0,0.9807642005460815,0.019235799453918366
3235-ETOOB,1,0.45916820220282056,0.5408317977971794
7394-LWLYN,1,0.30486847779637205,0.6951315222036277
2649-HWLYB,0,0.9939297902163218,0.006070209783678239
2832-KJCRD,0,0.513901510600372,0.48609848939962796
3192-LNKRK,0,0.5690092440624099,0.43099075593759006
2481-SBOYW,0,0.9769121000238262,0.023087899976173696
8608-OZTLB,0,0.9016097616208887,0.0983902383791115
7398-HPYZQ,0,0.9927636090836193,0.00723639091638085
2684-EIWEO,0,0.6915756476191044,0.3084243523808954
9921-ZVRHG,1,0.31880117474401304,0.6811988252559864
6288-CHQJB,0,0.9422875602166582,0.05771243978334172
3933-DQPWX,0,0.9226803525551681,0.07731964744483197
3890-RTCMS,0,0.673737937642064,0.326262062357936
6365-MTGZX,1,0.39492973053680286,0.6050702694631972
2905-KFQUV,1,0.46971505199364044,0.5302849480063597
3374-LXDEV,1,0.4663150433241604,0.5336849566758396
5828-AVIPD,0,0.6757722741073874,0.3242277258926126
9838-BFCQT,0,0.9978762143780883,0.002123785621911794
0402-OAMEN,0,0.9971439398460406,0.0028560601539594404
6435-SRWBJ,1,0.31880117474401304,0.6811988252559864
5609-IMCGG,0,0.526950308082529,0.47304969191747104
1568-BEKZM,0,0.9742022737658438,0.025797726234155972
1544-JJMYL,0,0.8989582569566709,0.10104174304332939
8006-PYCSW,0,0.78476069672216,0.21523930327783994
5647-URDKA,0,0.9992567349556865,0.0007432650443135259
7876-AEHIG,0,0.9250115574351935,0.07498844256480648
3810-DVDQQ,0,0.9391786773391577,0.06082132266084188
3945-GFWQL,0,0.630533910863266,0.3694660891367337
8410-BGQXN,0,0.7746439665862129,0.22535603341378707
6474-FVJLC,1,0.2901886629806877,0.7098113370193121
3282-ZISZV,0,0.909609992357195,0.090390007642805
6599-CEBNN,0,0.5896469141017893,0.4103530858982108
2754-XBHTB,1,0.40657762708746603,0.593422372912534
0310-VQXAM,0,0.7746439665862129,0.22535603341378707
7395-XWZOY,0,0.7055953552371313,0.29440464476286865
3707-GNWHM,1,0.4067656411426488,0.5932343588573512
4452-ROHMO,0,0.9767136163579382,0.023286383642061773
7029-RPUAV,0,0.5423549533361121,0.45764504666388794
7989-AWGEH,0,0.735823942261214,0.2641760577387863
6870-ECSHE,0,0.9603066202566208,0.039693379743379414
7602-DBTOU,0,0.9968336336189916,0.003166366381008395
6633-SYEUS,0,0.6516580371470525,0.3483419628529475
3200-MNQTF,0,0.9962170514653258,0.0037829485346742597
1710-RCXUS,0,0.8719963435112583,0.12800365648874135
4695-WJZUE,1,0.31056490590711655,0.6894350940928833
5442-BXVND,0,0.9470793064210947,0.05292069357890501
3612-YVGSJ,0,0.9657319529906051,0.03426804700939472
9926-PJHDQ,0,0.9416708822890324,0.05832911771096741
8654-DHAOW,0,0.740238475494978,0.2597615245050217
5572-ZDXHY,0,0.5831120890138995,0.41688791098610045
1389-CXMLU,1,0.4263382562655449,0.5736617437344552
8443-ZRDBZ,1,0.2901886629806877,0.7098113370193121
4692-NNQRU,0,0.7352479197434618,0.264752080256538
6242-FEGFD,0,0.9431477543525607,0.05685224564743932
3384-CTMSF,0,0.5371621383527299,0.4628378616472702
6729-FZWSY,0,0.9727358995422657,0.027264100457734593
2360-RDGRO,0,0.6153413164220334,0.38465868357796656
8792-AOROI,0,0.9586037978683843,0.04139620213161563
0133-BMFZO,1,0.47283716131591463,0.5271628386840854
5260-UMPWX,0,0.9028229978710143,0.09717700212898524
5692-FPTAH,0,0.597568476703183,0.4024315232968166
2229-VWQJH,0,0.6599835686392928,0.340016431360707
2694-CIUMO,1,0.4171874439604044,0.5828125560395957
7245-NIIWQ,1,0.30486847779637205,0.6951315222036277
9644-UMGQA,0,0.6879573265693039,0.3120426734306962
4781-ZXYGU,0,0.8149831441708263,0.1850168558291734
3870-MQAMG,0,0.731585298594015,0.26841470140598483
1193-RTSLK,0,0.6785961628731171,0.3214038371268828
6169-PGNCD,0,0.9641790663106239,0.03582093368937617
1087-GRUYI,0,0.997191751550521,0.0028082484494789295
9601-BRXPO,0,0.5281493094949234,0.47185069050507644
0925-VYDLG,1,0.35408161925759957,0.6459183807424006
6035-BXTTY,0,0.7847075010934923,0.2152924989065076
6048-UWKAL,0,0.9452289260887565,0.054771073911243334
1852-QSWCD,0,0.9910838053981793,0.008916194601820774
1794-HBQTJ,0,0.6736401897256014,0.32635981027439825
3090-QFUVD,0,0.8386093212342175,0.1613906787657824
9822-WMWVG,0,0.6251012273678755,0.3748987726321243
7873-CVMAW,0,0.9870103706071227,0.012989629392877518
5939-SXWHM,0,0.9979352587067066,0.0020647412932933663
6128-CZOMY,0,0.5390853596120561,0.46091464038794383
0394-YONDK,0,0.9924178941553182,0.007582105844681699
4607-CHPCA,0,0.718611546916531,0.28138845308346905
0626-QXNGV,0,0.9657319529906051,0.03426804700939472
1310-QRITU,0,0.6007623586710368,0.3992376413289631
2091-MJTFX,0,0.7784281483479432,0.22157185165205692
0979-MOZQI,0,0.9294851114160565,0.07051488858394318
1066-JKSGK,0,0.7746439665862129,0.22535603341378707
2002-MZHWP,0,0.78476069672216,0.21523930327783994
9415-DPEWS,1,0.3677699558336915,0.6322300441663083
2507-QZPQS,0,0.5012848760856449,0.4987151239143551
2484-DGXPZ,0,0.882626750918247,0.11737324908175274
1385-TQOZW,0,0.830573203673426,0.16942679632657387
9822-OAOVB,0,0.5390853596120561,0.46091464038794383
4827-LTQRJ,0,0.8316823658799162,0.16831763412008321
2815-CPTUL,1,0.4228029063241353,0.5771970936758647
1112-CUNAO,1,0.3984817314697506,0.6015182685302493
5656-JAMLX,0,0.9951485325470328,0.004851467452967054
0295-QVKPB,0,0.6517133536258081,0.3482866463741919
5160-UXJED,0,0.8660273946506739,0.13397260534932598
0303-UNCIP,0,0.8689499461423815,0.13105005385761848
2675-IJRGJ,0,0.9951485325470328,0.004851467452967054
1452-XRSJV,0,0.8398959364153555,0.1601040635846443
4238-JSSWH,0,0.5661225280356041,0.4338774719643956
8779-YIQQA,0,0.9890484045519866,0.010951595448013511
4911-BANWH,0,0.5930222086119951,0.406977791388005
8718-PTMEZ,0,0.6420573578676554,0.3579426421323442
7762-URZQH,0,0.9365291633391574,0.0634708366608424
9140-CZQZZ,0,0.9821352920970093,0.017864707902990665
3318-ISQFQ,0,0.7842220347864182,0.21577796521358183
4816-JBHOV,0,0.5180456995176002,0.4819543004823998
3712-PKXZA,0,0.9659821807803552,0.03401781921964448
0487-RPVUM,0,0.7338049678098808,0.2661950321901187
5397-NSKQG,0,0.9750525882069998,0.024947411793000026
8812-ZRHFP,0,0.7112164445247786,0.28878355547522094
7139-JZFVG,0,0.9454196109881609,0.054580389011839044
7471-WNSUF,0,0.9663328187349606,0.033667181265039314
2761-OCIAX,1,0.3719008571552304,0.6280991428447696
3258-SANFR,0,0.5989667882520672,0.4010332117479326
7623-HKYRK,0,0.8538995182082586,0.14610048179174112
8495-LJDFO,0,0.6665406406830043,0.3334593593169955
2876-GZYZC,1,0.2988923569731701,0.7011076430268293
1135-LMECX,0,0.78476069672216,0.21523930327783994
4548-SDBKE,1,0.2911910548778273,0.7088089451221721
0221-NAUXK,0,0.9284732890804296,0.07152671091957052
3726-TBHQT,0,0.9369807829903805,0.06301921700961932
7240-FQLHE,0,0.5319092694436863,0.4680907305563135
5795-KTGUD,0,0.9379443408476539,0.062055659152345906
7129-CAKJW,1,0.44947851283254814,0.5505214871674518
7216-KAOID,0,0.9854625171623016,0.014537482837698366
7508-MYBOG,1,0.3024573336669956,0.6975426663330043
2805-AUFQN,0,0.9813268457170057,0.018673154282994042
2592-SEIFQ,0,0.5094245704502043,0.4905754295497959
3424-NMNBO,0,0.7199144436754378,0.28008555632456184
7079-QRCBC,1,0.3905156517348201,0.6094843482651798
8514-VZHEB,0,0.9987705511293206,0.0012294488706793504
9862-KJTYK,0,0.6675105565022912,0.3324894434977083
9851-KIELU,0,0.5076768836724452,0.4923231163275547
2479-BRAMR,0,0.6106759567833937,0.38932404321660613
7295-JOMMD,1,0.43877183992043917,0.5612281600795608
8085-MSNLK,0,0.956777680115774,0.043222319884225806
0315-LVCRK,1,0.45288988831897575,0.5471101116810242
5600-PDUJF,0,0.6166454459708877,0.38335455402911206
7134-HBPBS,0,0.8583883689979375,0.14161163100206264
1760-CAZHT,0,0.9523375791894131,0.04766242081058691
2911-UREFD,0,0.7289596900520725,0.2710403099479274
5223-UZAVK,0,0.8170631069354956,0.1829368930645046
1833-VGRUM,1,0.2803489563248872,0.7196510436751125
6008-NAIXK,0,0.7589295126923559,0.2410704873076438
4826-DXMUP,0,0.7968806091690496,0.20311939083095062
4537-DKTAL,0,0.5669532801397762,0.43304671986022364
2398-YPMUR,1,0.358932362754094,0.6410676372459059
9432-VOFYX,1,0.3402164362739492,0.6597835637260507
0811-GSDTP,0,0.65915211494788,0.34084788505211977
1763-KUAAW,0,0.9243801660934957,0.07561983390650441
3045-XETSH,1,0.3615803382813922,0.6384196617186075
2926-JEJJC,0,0.9449574661534369,0.05504253384656359
4080-IIARD,0,0.771048164488876,0.2289518355111239
6465-GSRCL,0,0.8277883209334997,0.17221167906650015
1571-SAVHK,1,0.4008498680596816,0.5991501319403184
4724-WXVWF,0,0.6286305903492679,0.371369409650732
6461-PPAXN,0,0.8995150431670054,0.10048495683299428
6898-RBTLU,0,0.9681235333589505,0.03187646664104933
0495-ZBNGW,1,0.3980843294028017,0.6019156705971982
3796-ENZGF,0,0.9705694010358613,0.02943059896413867
2017-CCBLH,0,0.9767136163579382,0.023286383642061773
0731-EBJQB,0,0.9436727088348352,0.05632729116516463
8263-JQAIK,0,0.5429512249310754,0.4570487750689244
8450-JOVAH,0,0.7859658410900129,0.21403415890998673
5701-SVCWR,0,0.862558791374203,0.13744120862579678
6330-JKLPC,1,0.44386359437306233,0.5561364056269376
3426-NIYYL,0,0.6374344995949851,0.3625655004050147
8111-SLLHI,0,0.5337600673221818,0.4662399326778182
3451-VAWLI,0,0.9982209611010282,0.0017790388989717748
8775-LHDJH,1,0.37105252854656107,0.6289474714534388
5928-QLDHB,1,0.30811417643571404,0.6918858235642859
4423-YLHDV,0,0.5868735668437984,0.4131264331562015
2027-DNKIV,0,0.9008900602729532,0.09910993972704675
2154-KVJFF,1,0.34104842111342365,0.658951578886576
4079-VTGLK,0,0.878108060773242,0.12189193922675759
8350-NYMVI,0,0.7818770023622507,0.2181229976377488
9605-WGJVW,1,0.31083537389275623,0.6891646261072435
3404-JNXAX,0,0.642940918561813,0.35705908143818704
8466-PZBLH,0,0.9391131389082988,0.06088686109170118
0203-HHYIJ,0,0.9636393366621567,0.03636066333784309
8919-FYFQZ,0,0.6136018440173415,0.3863981559826582
5707-ORNDZ,0,0.6713615668846117,0.32863843311538793
8200-LGKSR,0,0.9511585903169754,0.048841409683024584
1792-UXAFY,1,0.45531384035820466,0.5446861596417953
1194-HVAIF,0,0.5623857746596432,0.43761422534035666
6919-ELBGL,0,0.9424839877084217,0.057516012291578066
4989-LIXVT,0,0.5703471110096919,0.4296528889903081
9350-VLHMB,0,0.7294183774581882,0.27058162254181156
4806-KEXQR,1,0.31001566997785424,0.6899843300221459
4795-UXVCJ,0,0.9698485768234367,0.030151423176563212
1227-UDMZR,0,0.9821820244704176,0.01781797552958243
3635-QQRQD,0,0.9900659874895507,0.009934012510449307
7771-CFQRQ,0,0.9538254410016677,0.04617455899833209
6641-XRPSU,0,0.579861763503816,0.42013823649618404
2969-VAPYH,0,0.9280222037648006,0.07197779623519916
9710-NJERN,0,0.9911812894603951,0.008818710539604932
4430-YHXGG,0,0.8220740444816951,0.1779259555183045
2432-TFSMK,0,0.7648536112433493,0.23514638875665075
8550-XSXUQ,0,0.8896778821923118,0.11032211780768776
7722-VJRQD,0,0.9807524408597489,0.019247559140250836
2041-JIJCI,0,0.680550127132237,0.31944987286776316
1843-TLSGD,0,0.997255835160127,0.002744164839873103
5298-GSTLM,0,0.8253692829948948,0.17463071700510485
3976-BWUCK,0,0.5565073566301683,0.44349264336983174
5277-ZLOOR,1,0.27907423798277226,0.7209257620172275
5567-WSELE,1,0.2925911526469731,0.7074088473530269
0093-EXYQL,1,0.3839358597358812,0.616064140264119
0565-IYCGT,0,0.9591534732951237,0.04084652670487634
0336-KXKFK,0,0.9850780661074572,0.014921933892542755
5849-ASHZJ,0,0.9828079775959045,0.01719202240409553
8603-IJWDN,1,0.2901886629806877,0.7098113370193121
6551-ZCOTS,0,0.9553177560959967,0.04468224390400348
1136-XGEQU,0,0.9358118108471549,0.06418818915284459
0208-BPQEJ,0,0.8436558650972381,0.15634413490276186
7521-AFHAB,0,0.6970548911041134,0.30294510889588616
3987-KQDDU,1,0.48870053066167246,0.5112994693383276
2091-RFFBA,1,0.34658990043550575,0.653410099564494
1732-VHUBQ,0,0.5949975330730856,0.4050024669269143
9921-EZKBY,0,0.6705397051333878,0.3294602948666121
6394-HHHZM,0,0.7746439665862129,0.22535603341378707
0442-TDYUO,0,0.9909710372183937,0.009028962781606304
7845-URHJN,0,0.8342284239455566,0.1657715760544435
4488-KQFDT,0,0.7612091169350471,0.23879088306495305
6924-TDGMT,0,0.9387738565938448,0.06122614340615498
5529-GIBVH,0,0.9911812894603951,0.008818710539604932
3620-EHIMZ,0,0.9958529846670945,0.004147015332905593
0780-XNZFN,0,0.9951485325470328,0.004851467452967054
9364-YKUVW,0,0.7487344665686473,0.25126553343135305
3378-AJRAO,0,0.9441319432715588,0.055868056728440856
2501-XWWTZ,1,0.40195358377048124,0.5980464162295188
7030-FZTFM,0,0.9407272113953491,0.05927278860465074
9420-LOJKX,0,0.62202498852551,0.37797501147449014
9169-BSVIN,0,0.7284290887575193,0.27157091124248056
5442-PPTJY,0,0.9992567349556865,0.0007432650443135259
8591-NXRCV,0,0.8065281100678484,0.19347188993215128
6715-OFDBP,0,0.5646714502384966,0.43532854976150337
1273-MTETI,1,0.31056490590711655,0.6894350940928833
6609-MXJHJ,0,0.9588359818798754,0.04116401812012448
2267-WTPYD,0,0.7195306725378678,0.28046932746213216
1028-FFNJK,1,0.3671251855496978,0.6328748144503024
4115-BNPJY,0,0.9612180130003289,0.03878198699967072
7120-RFMVS,1,0.3692631608673893,0.630736839132611
5791-KAJFD,0,0.9361764592183429,0.06382354078165689
7278-CKDNC,1,0.36910465332450343,0.6308953466754965
8071-SBTRN,0,0.8839448091730122,0.11605519082698743
0786-VSSUD,0,0.6224604196958639,0.3775395803041361
1104-FEJAM,0,0.7904873859101044,0.20951261408989516
8774-GSBUN,0,0.9925836414308327,0.0074163585691673336
1766-GKNMI,1,0.37772784348110866,0.6222721565188913
7018-FPXHH,0,0.9557568446974339,0.04424315530256586
5917-HBSDW,0,0.9156945271090697,0.08430547289093021
5480-TBGPH,0,0.601417972236145,0.39858202776385526
0193-ESZXP,0,0.8396040820642109,0.16039591793578853
6284-KMNUF,0,0.7849275537864117,0.21507244621358826
1809-DMJHQ,0,0.6589444687900253,0.3410555312099744
0516-OOHAR,0,0.7494723144183894,0.2505276855816106
6278-FEPBZ,0,0.78476069672216,0.21523930327783994
6407-GSJNL,0,0.976975261347513,0.023024738652486616
2428-ZMCTB,0,0.8401438670543299,0.1598561329456702
9385-NXKDA,0,0.9849479190836635,0.015052080916336525
3454-JFUBC,0,0.9896613855950295,0.010338614404970557
5310-NOOVA,0,0.9670232991483158,0.032976700851684096
4827-DPADN,0,0.969384427155599,0.030615572844400894
9741-YLNTD,1,0.4069609144627553,0.5930390855372444
7879-CGSFV,0,0.8047471742173326,0.19525282578266728
5650-VDUDS,0,0.568703658549936,0.4312963414500639
4877-EVATK,0,0.7746439665862129,0.22535603341378707
8402-OOOHJ,0,0.9911812894603951,0.008818710539604932
7665-VIGUD,0,0.9554378146525738,0.044562185347426245
8033-VCZGH,0,0.7289745578016987,0.2710254421983007
9237-HQITU,1,0.30486847779637205,0.6951315222036277
8374-XGEJJ,0,0.5330448226274078,0.4669551773725923
6845-RGTYS,0,0.6526839511640672,0.3473160488359326
6469-MRVET,0,0.9277974236775267,0.07220257632247323
0620-DLSLK,1,0.4182601534359662,0.5817398465640339
6619-RPLQZ,0,0.9958529846670945,0.004147015332905593
3392-EHMNK,0,0.9475170564832051,0.05248294351679479
0867-LDTTC,0,0.664840348075961,0.33515965192403874
0967-BMLBD,0,0.9456353948212342,0.054364605178765596
8262-COGGB,0,0.7487344665686473,0.25126553343135305
9258-CNWAC,0,0.972681010886252,0.02731898911374777
3941-XTSKM,0,0.9038658674999255,0.0961341325000741
7318-EIVKO,0,0.5998669829797595,0.40013301702024046
6743-HHQPF,0,0.6711066927791053,0.32889330722089427
7663-ZTEGJ,0,0.8236442378266322,0.1763557621733674
6711-VTNRE,1,0.4414721562213997,0.5585278437786004
5447-VYTKW,0,0.8078525063726929,0.19214749362730654
9248-OJYKK,1,0.2809399920243399,0.71906000797566
0374-FIUCA,0,0.9890541209546,0.010945879045399887
1622-HSHSF,0,0.7557755829188518,0.24422441708114842
6032-KRXXO,1,0.39492973053680286,0.6050702694631972
2739-CCZMB,0,0.8646609350354513,0.1353390649645484
9667-TKTVZ,0,0.6420266982998393,0.35797330170016023
9619-GSATL,0,0.9160246821297925,0.08397531787020758
0607-DAAHE,0,0.995889561411824,0.004110438588175815
3683-QKIUE,0,0.5985777781544944,0.40142222184550547
1927-QEWMY,0,0.992177968265614,0.007822031734385804
4102-HLENU,0,0.9891628581064829,0.01083714189351704
8884-FEEWR,0,0.9709802580874299,0.029019741912570157
8782-LKFPK,0,0.6477259929286991,0.3522740070713011
8745-PVESG,0,0.9121128441890868,0.08788715581091314
